# The built-in math function rows (plan P1-24; design T8 MathRow): each a
# template over the closed primitive set (frac, stack, radical, lr, accent,
# rule; plan P3-24: space, mstyle, mlimits, variant, class; engine/src/math/
# ir.cc), written in the template language a document will use — #name is a
# parameter, a symbol slot takes one token. A row without parameters is a
# constant, used bare (thin, quad). Compiled
# by tools/mathdict.py into engine/gen/math_rows.h; checked by checkRow at
# start-up and by the unit tests.
#   signature: name(params); `p?` is optional
#   body: the expansion
#   bare: the meaning without an adjacent '(' — a symbol name of
#         symbols.tsv or one character; - = none (the word is then a name)
signature	body	bare
sqrt(x)	radical(#x)	-
root(n, x)	radical(#x, #n)	-
abs(x)	lr(|, #x, |)	-
norm(x)	lr(‖, #x, ‖)	-
floor(x)	lr(⌊, #x, ⌋)	-
ceil(x)	lr(⌈, #x, ⌉)	-
binom(n, k)	lr((, stack(#n, #k), ))	-
overline(x)	rule(#x, over)	-
underline(x)	rule(#x, under)	-
bar(x)	rule(#x, over)	-
hat(x)	accent(#x, ˆ)	ˆ
tilde(x)	accent(#x, ˜)	˜
vec(x)	accent(#x, ⃗)	-
dot(x)	accent(#x, ˙)	cdot
ddot(x)	accent(#x, ¨)	¨
breve(x)	accent(#x, ˘)	˘
check(x)	accent(#x, ˇ)	ˇ
ring(x)	accent(#x, ˚)	˚
acute(x)	accent(#x, ´)	´
grave(x)	accent(#x, `)	`
thin()	space(3)	-
med()	space(4)	-
thick()	space(5)	-
quad()	space(18)	-
wide()	space(36)	-
display(x)	mstyle(#x, display)	-
inline(x)	mstyle(#x, text)	-
script(x)	mstyle(#x, script)	-
sscript(x)	mstyle(#x, sscript)	-
limits(x)	mlimits(#x, limits)	-
scripts(x)	mlimits(#x, scripts)	-
bb(x)	variant(#x, bb)	-
cal(x)	variant(#x, cal)	-
frak(x)	variant(#x, frak)	-
bold(x)	variant(#x, bold)	-
italic(x)	variant(#x, italic)	-
sans(x)	variant(#x, sans)	-
mono(x)	variant(#x, mono)	-
