# The math vocabulary (plan P1-22; design T8 MathDict): one row per spelling,
# font-independent. tools/mathdict.py reads it with the pinned UCD and MathML
# Core files and generates engine/gen/math_dict.h, engine/src/math/atom.h and
# runtime/src/shared/math-vocab.gen.mjs.
#   name: the spelling (a word, an operator key, AA..ZZ); a negation is the
#         `!` rule (plan P3-24: `!` before a relation), never a row
#   cp: the code point (0: a text operator, set in letters)
#   class: TeX atom class; flags: large limits textop fence (a symmetric
#         delimiter: one alone in a group is its middle, plan P3-24)
#   negation: the UCD precomposed negation (cp + U+0338), or - ; a row whose
#         code point the UCD does not negate may name one (| → ∤, ‖ → ∦)
#   alias_of: the row that owns this code point, or -
#   tex: the TeX spellings, space-separated (converters only, plan P3-24);
#         - = the name itself for an alphabetic name (\alpha), else none
#   default_for_cp: y = the row a bare code point takes its class from
#   class_source: mathml (as MathML Core derives it) or override
name	cp	class	flags	negation	alias_of	tex	default_for_cp	class_source
*	2217	bin	-	-	-	-	y	override
+	002B	bin	-	-	-	-	y	mathml
+-	00B1	bin	-	-	-	\pm	y	mathml
,	002C	punct	-	-	-	-	y	mathml
-	2212	bin	-	-	-	-	y	mathml
-+	2213	bin	-	-	-	\mp	y	mathml
-->	27F6	rel	-	-	-	\longrightarrow	y	mathml
--|	22A3	rel	-	-	-	-	y	mathml
-=	2261	rel	-	2262	-	-	y	mathml
->	2192	rel	-	219B	-	\to \rightarrow	y	mathml
...	2026	ord	-	-	-	\ldots \dots	y	mathml
:	2236	rel	-	-	-	-	y	override
:.	2234	ord	-	-	-	-	y	mathml
:=	2254	rel	-	-	-	\coloneqq	y	mathml
;	003B	punct	-	-	-	-	y	mathml
<	003C	rel	-	226E	-	-	y	mathml
<-	2190	rel	-	219A	-	\leftarrow \gets	y	mathml
<--	27F5	rel	-	-	-	\longleftarrow	y	mathml
<->	2194	rel	-	21AE	-	\leftrightarrow	y	mathml
<<	226A	rel	-	-	-	\ll	y	mathml
<=	2264	rel	-	2270	-	\leq \le	y	mathml
<==	27F8	rel	-	-	-	\Longleftarrow	y	mathml
<=>	21D4	rel	-	21CE	-	\Leftrightarrow \iff	y	mathml
=	003D	rel	-	2260	-	-	y	mathml
=:	2255	rel	-	-	-	\eqqcolon	y	mathml
==>	27F9	rel	-	-	-	\Longrightarrow	y	mathml
=>	21D2	rel	-	21CF	-	\Rightarrow \implies	y	mathml
>	003E	rel	-	226F	-	-	y	mathml
>=	2265	rel	-	2271	-	\geq \ge	y	mathml
>>	226B	rel	-	-	-	\gg	y	mathml
AA	1D538	ord	-	-	-	-	y	mathml
BB	1D539	ord	-	-	-	-	y	mathml
CC	2102	ord	-	-	-	-	y	mathml
DD	1D53B	ord	-	-	-	-	y	mathml
Delta	0394	ord	-	-	-	-	y	mathml
Downarrow	21D3	rel	-	-	-	-	y	mathml
EE	1D53C	ord	-	-	-	-	y	mathml
FF	1D53D	ord	-	-	-	-	y	mathml
GG	1D53E	ord	-	-	-	-	y	mathml
Gamma	0393	ord	-	-	-	-	y	mathml
HH	210D	ord	-	-	-	-	y	mathml
II	1D540	ord	-	-	-	-	y	mathml
Im	2111	ord	-	-	-	-	y	mathml
JJ	1D541	ord	-	-	-	-	y	mathml
KK	1D542	ord	-	-	-	-	y	mathml
LL	1D543	ord	-	-	-	-	y	mathml
Lambda	039B	ord	-	-	-	-	y	mathml
MM	1D544	ord	-	-	-	-	y	mathml
NN	2115	ord	-	-	-	-	y	mathml
OO	1D546	ord	-	-	-	-	y	mathml
Omega	03A9	ord	-	-	-	-	y	mathml
PP	2119	ord	-	-	-	-	y	mathml
Phi	03A6	ord	-	-	-	-	y	mathml
Pi	03A0	ord	-	-	-	-	y	mathml
Pr	0000	op	limits,textop	-	-	-	n	override
Psi	03A8	ord	-	-	-	-	y	mathml
QQ	211A	ord	-	-	-	-	y	mathml
RR	211D	ord	-	-	-	-	y	mathml
Re	211C	ord	-	-	-	-	y	mathml
SS	1D54A	ord	-	-	-	-	y	mathml
Sigma	03A3	ord	-	-	-	-	y	mathml
TT	1D54B	ord	-	-	-	-	y	mathml
Theta	0398	ord	-	-	-	-	y	mathml
UU	1D54C	ord	-	-	-	-	y	mathml
Uparrow	21D1	rel	-	-	-	-	y	mathml
Updownarrow	21D5	rel	-	-	-	-	y	mathml
Upsilon	03A5	ord	-	-	-	-	y	mathml
VV	1D54D	ord	-	-	-	-	y	mathml
WW	1D54E	ord	-	-	-	-	y	mathml
XX	1D54F	ord	-	-	-	-	y	mathml
Xi	039E	ord	-	-	-	-	y	mathml
YY	1D550	ord	-	-	-	-	y	mathml
ZZ	2124	ord	-	-	-	-	y	mathml
aleph	2135	ord	-	-	-	-	y	mathml
alpha	03B1	ord	-	-	-	-	y	mathml
amalg	2A3F	bin	-	-	-	-	y	override
angle	2220	ord	-	-	-	-	y	mathml
approx	2248	rel	-	2249	-	-	y	mathml
arccos	0000	op	textop	-	-	-	n	override
arcsin	0000	op	textop	-	-	-	n	override
arctan	0000	op	textop	-	-	-	n	override
arg	0000	op	textop	-	-	-	n	override
argmax	0000	op	limits,textop	-	-	-	n	override
argmin	0000	op	limits,textop	-	-	-	n	override
ast	2217	bin	-	-	*	-	n	override
because	2235	ord	-	-	-	-	y	mathml
beta	03B2	ord	-	-	-	-	y	mathml
bigcap	22C2	op	large,limits	-	-	-	y	mathml
bigcup	22C3	op	large,limits	-	-	-	y	mathml
bigodot	2A00	op	large,limits	-	-	-	y	mathml
bigoplus	2A01	op	large,limits	-	-	-	y	mathml
bigotimes	2A02	op	large,limits	-	-	-	y	mathml
bigsqcup	2A06	op	large,limits	-	-	-	y	mathml
biguplus	2A04	op	large,limits	-	-	-	y	mathml
bigvee	22C1	op	large,limits	-	-	-	y	mathml
bigwedge	22C0	op	large,limits	-	-	-	y	mathml
bot	22A5	ord	-	-	perp	-	n	mathml
bullet	2219	bin	-	-	-	-	y	override
cap	2229	bin	-	-	-	-	y	mathml
cdot	22C5	bin	-	-	-	-	y	override
cdots	22EF	ord	-	-	-	-	y	mathml
chi	03C7	ord	-	-	-	-	y	mathml
circ	2218	bin	-	-	-	-	y	override
cong	2245	rel	-	2247	-	-	y	mathml
coprod	2210	op	large,limits	-	-	-	y	mathml
cos	0000	op	textop	-	-	-	n	override
cosh	0000	op	textop	-	-	-	n	override
cot	0000	op	textop	-	-	-	n	override
coth	0000	op	textop	-	-	-	n	override
csc	0000	op	textop	-	-	-	n	override
cup	222A	bin	-	-	-	-	y	mathml
dashv	22A3	rel	-	-	--|	-	n	mathml
ddots	22F1	ord	-	-	-	-	y	mathml
deg	0000	op	textop	-	-	-	n	override
degree	00B0	ord	-	-	-	-	y	mathml
delta	03B4	ord	-	-	-	-	y	mathml
det	0000	op	limits,textop	-	-	-	n	override
dim	0000	op	textop	-	-	-	n	override
div	00F7	bin	-	-	-	-	y	mathml
downarrow	2193	rel	-	-	-	-	y	mathml
ell	2113	ord	-	-	-	-	y	mathml
empty	2205	ord	-	-	-	-	y	mathml
emptyset	2205	ord	-	-	empty	-	n	mathml
epsilon	03B5	ord	-	-	-	-	y	mathml
equiv	2261	rel	-	2262	-=	-	n	mathml
eta	03B7	ord	-	-	-	-	y	mathml
exists	2203	ord	-	2204	-	-	y	mathml
exp	0000	op	textop	-	-	-	n	override
forall	2200	ord	-	-	-	-	y	mathml
gamma	03B3	ord	-	-	-	-	y	mathml
gcd	0000	op	limits,textop	-	-	-	n	override
geq	2265	rel	-	2271	>=	-	n	mathml
gets	2190	rel	-	219A	<-	-	n	mathml
gg	226B	rel	-	-	>>	-	n	mathml
grad	2207	ord	-	-	-	-	y	mathml
hbar	210F	ord	-	-	-	-	y	mathml
hom	0000	op	textop	-	-	-	n	override
hookleftarrow	21A9	rel	-	-	-	-	y	mathml
hookrightarrow	21AA	rel	-	-	-	-	y	mathml
iiint	222D	op	large	-	-	-	y	mathml
iint	222C	op	large	-	-	-	y	mathml
in	2208	rel	-	2209	-	-	y	mathml
inf	0000	op	limits,textop	-	-	-	n	override
infinity	221E	ord	-	-	-	-	y	mathml
infty	221E	ord	-	-	infinity	-	n	mathml
int	222B	op	large	-	-	-	y	mathml
iota	03B9	ord	-	-	-	-	y	mathml
kappa	03BA	ord	-	-	-	-	y	mathml
ker	0000	op	textop	-	-	-	n	override
lambda	03BB	ord	-	-	-	-	y	mathml
langle	27E8	open	-	-	-	-	y	mathml
lceil	2308	open	-	-	-	-	y	mathml
ldots	2026	ord	-	-	...	-	n	mathml
leftharpoonup	21BC	rel	-	-	-	-	y	mathml
leftrightarrows	21C6	rel	-	-	-	-	y	mathml
leq	2264	rel	-	2270	<=	-	n	mathml
lfloor	230A	open	-	-	-	-	y	mathml
lg	0000	op	textop	-	-	-	n	override
lim	0000	op	limits,textop	-	-	-	n	override
liminf	0000	op	limits,textop	-	-	-	n	override
limsup	0000	op	limits,textop	-	-	-	n	override
ll	226A	rel	-	-	<<	-	n	mathml
ln	0000	op	textop	-	-	-	n	override
log	0000	op	textop	-	-	-	n	override
mapsto	21A6	rel	-	-	-	-	y	mathml
max	0000	op	limits,textop	-	-	-	n	override
mid	2223	rel	-	2224	-	-	y	mathml
min	0000	op	limits,textop	-	-	-	n	override
mod	0000	op	textop	-	-	-	n	override
models	22A8	rel	-	22AD	-	-	y	mathml
mp	2213	bin	-	-	-+	-	n	mathml
mu	03BC	ord	-	-	-	-	y	mathml
nabla	2207	ord	-	-	grad	-	n	mathml
nearrow	2197	rel	-	-	-	-	y	mathml
neg	00AC	ord	-	-	-	-	y	mathml
neq	2260	rel	-	-	-	-	y	mathml
nexists	2204	ord	-	-	-	-	y	mathml
ni	220B	rel	-	220C	-	-	y	mathml
not	00AC	ord	-	-	neg	-	n	mathml
notin	2209	rel	-	-	-	-	y	mathml
nu	03BD	ord	-	-	-	-	y	mathml
nwarrow	2196	rel	-	-	-	-	y	mathml
odot	2299	bin	-	-	-	-	y	override
oint	222E	op	large	-	-	-	y	mathml
omega	03C9	ord	-	-	-	-	y	mathml
omicron	03BF	ord	-	-	-	-	y	mathml
ominus	2296	bin	-	-	-	-	y	mathml
oo	221E	ord	-	-	infinity	-	n	mathml
oplus	2295	bin	-	-	-	-	y	mathml
oslash	2298	bin	-	-	-	-	y	mathml
otimes	2297	bin	-	-	-	-	y	override
ox	2297	bin	-	-	otimes	-	n	override
parallel	2225	rel	-	2226	-	-	y	mathml
partial	2202	ord	-	-	-	-	y	mathml
perp	22A5	rel	-	-	-	-	y	override
phi	03C6	ord	-	-	-	-	y	mathml
pi	03C0	ord	-	-	-	-	y	mathml
pm	00B1	bin	-	-	+-	-	n	mathml
prec	227A	rel	-	2280	-	-	y	mathml
preceq	2AAF	rel	-	-	-	-	y	mathml
prime	2032	ord	-	-	-	-	y	mathml
prod	220F	op	large,limits	-	-	-	y	mathml
prop	221D	rel	-	-	-	-	y	mathml
propto	221D	rel	-	-	prop	-	n	mathml
psi	03C8	ord	-	-	-	-	y	mathml
rangle	27E9	close	-	-	-	-	y	mathml
rceil	2309	close	-	-	-	-	y	mathml
rfloor	230B	close	-	-	-	-	y	mathml
rho	03C1	ord	-	-	-	-	y	mathml
rightharpoonup	21C0	rel	-	-	-	-	y	mathml
rightleftharpoons	21CC	rel	-	-	-	-	y	mathml
searrow	2198	rel	-	-	-	-	y	mathml
sec	0000	op	textop	-	-	-	n	override
setminus	2216	bin	-	-	-	-	y	mathml
sigma	03C3	ord	-	-	-	-	y	mathml
sim	223C	rel	-	2241	-	-	y	mathml
simeq	2243	rel	-	2244	-	-	y	mathml
sin	0000	op	textop	-	-	-	n	override
sinh	0000	op	textop	-	-	-	n	override
sqcap	2293	bin	-	-	-	-	y	mathml
sqcup	2294	bin	-	-	-	-	y	mathml
sqsubseteq	2291	rel	-	22E2	-	-	y	mathml
sqsupseteq	2292	rel	-	22E3	-	-	y	mathml
square	25A1	ord	-	-	-	-	y	mathml
star	22C6	bin	-	-	-	-	y	override
subset	2282	rel	-	2284	-	-	y	mathml
subseteq	2286	rel	-	2288	-	-	y	mathml
succ	227B	rel	-	2281	-	-	y	mathml
succeq	2AB0	rel	-	-	-	-	y	mathml
sum	2211	op	large,limits	-	-	-	y	mathml
sup	0000	op	limits,textop	-	-	-	n	override
supset	2283	rel	-	2285	-	-	y	mathml
supseteq	2287	rel	-	2289	-	-	y	mathml
swarrow	2199	rel	-	-	-	-	y	mathml
tan	0000	op	textop	-	-	-	n	override
tanh	0000	op	textop	-	-	-	n	override
tau	03C4	ord	-	-	-	-	y	mathml
therefore	2234	ord	-	-	:.	-	n	mathml
theta	03B8	ord	-	-	-	-	y	mathml
times	00D7	bin	-	-	-	-	y	override
to	2192	rel	-	219B	->	-	n	mathml
top	22A4	ord	-	-	-	-	y	mathml
triangle	25B3	ord	-	-	-	-	y	mathml
uparrow	2191	rel	-	-	-	-	y	mathml
updownarrow	2195	rel	-	-	-	-	y	mathml
uplus	228E	bin	-	-	-	-	y	mathml
upsilon	03C5	ord	-	-	-	-	y	mathml
varepsilon	03F5	ord	-	-	-	-	y	mathml
varphi	03D5	ord	-	-	-	-	y	mathml
varpi	03D6	ord	-	-	-	-	y	mathml
vartheta	03D1	ord	-	-	-	-	y	mathml
vdash	22A2	rel	-	22AC	-	-	y	mathml
vdots	22EE	ord	-	-	-	-	y	mathml
vee	2228	bin	-	-	-	-	y	mathml
wedge	2227	bin	-	-	-	-	y	mathml
wp	2118	ord	-	-	-	-	y	mathml
xi	03BE	ord	-	-	-	-	y	mathml
xx	00D7	bin	-	-	times	-	n	override
zeta	03B6	ord	-	-	-	-	y	mathml
|	007C	ord	fence	2224	-	\vert	y	override
|-	22A2	rel	-	22AC	vdash	-	n	mathml
|--	22A2	rel	-	22AC	vdash	-	n	mathml
|-->	27FC	rel	-	-	-	-	y	mathml
|->	21A6	rel	-	-	mapsto	-	n	mathml
|=	22A8	rel	-	22AD	models	-	n	mathml
|==	22A8	rel	-	22AD	models	-	n	mathml
||	2016	ord	fence	2226	-	\Vert	y	override
~	223C	rel	-	2241	sim	-	n	mathml
~=	2245	rel	-	2247	cong	-	n	mathml
~>	21DD	rel	-	-	-	-	y	mathml
~~	2248	rel	-	2249	approx	-	n	mathml
varrho	03F1	ord	-	-	-	-	y	mathml
varsigma	03C2	ord	-	-	-	-	y	mathml
::=	2A74	rel	-	-	-	-	y	mathml
